,trans_date_trans_time,cc_num,merchant,category,amt,first,last,gender,street,city,state,zip,lat,long,city_pop,job,dob,trans_num,unix_time,merch_lat,merch_long,is_fraud
0,2020-06-21 12:14:25,2291163933867244,fraud_Kirlin and Sons,personal_care,2.86,Jeff,Elliott,M,351 Darlene Green,Columbia,SC,29209,33.9659,-80.9355,333497,Mechanical engineer,1968-03-19,2da90c7d74bd46a0caf3777415b3ebd3,1371816865,33.986391,-81.200714,0
1,2020-06-21 12:14:33,3573030041201292,fraud_Sporer-Keebler,personal_care,29.84,Joanne,Williams,F,3638 Marsh Union,Altonah,UT,84002,40.3207,-110.436,302,"Sales professional, IT",1990-01-17,324cc204407e99f51b0d6ca0055005e7,1371816873,39.450497999999996,-109.960431,0
2,2020-06-21 12:14:53,3598215285024754,"fraud_Swaniawski, Nitzsche and Welch",health_fitness,41.28,Ashley,Lopez,F,9333 Valentine Point,Bellmore,NY,11710,40.6729,-73.5365,34496,"Librarian, public",1970-10-21,c81755dbbbea9d5c77f094348a7579be,1371816893,40.49581,-74.196111,0
3,2020-06-21 12:15:15,3591919803438423,fraud_Haley Group,misc_pos,60.05,Brian,Williams,M,32941 Krystal Mill Apt. 552,Titusville,FL,32780,28.5697,-80.8191,54767,Set designer,1987-07-25,2159175b9efe66dc301f149d3d5abf8c,1371816915,28.812397999999998,-80.883061,0
4,2020-06-21 12:15:17,3526826139003047,fraud_Johnston-Casper,travel,3.19,Nathan,Massey,M,5783 Evan Roads Apt. 465,Falmouth,MI,49632,44.2529,-85.01700000000001,1126,Furniture designer,1955-07-06,57ff021bd3f328f8738bb535c302a31b,1371816917,44.959148,-85.884734,0
5,2020-06-21 12:15:37,30407675418785,fraud_Daugherty LLC,kids_pets,19.55,Danielle,Evans,F,76752 David Lodge Apt. 064,Breesport,NY,14816,42.1939,-76.7361,520,Psychotherapist,1991-10-13,798db04aaceb4febd084f1a7c404da93,1371816937,41.747157,-77.584197,0
6,2020-06-21 12:15:44,213180742685905,fraud_Romaguera Ltd,health_fitness,133.93,Kayla,Sutton,F,010 Weaver Land,Carlotta,CA,95528,40.507,-123.9743,1139,"Therapist, occupational",1951-01-15,17003d7ce534440eadb10c4750e020e5,1371816944,41.499458000000004,-124.888729,0
7,2020-06-21 12:15:50,3589289942931264,fraud_Reichel LLC,personal_care,10.37,Paula,Estrada,F,350 Stacy Glens,Spencer,SD,57374,43.7557,-97.5936,343,"Development worker, international aid",1972-03-05,8be473af4f05fc6146ea55ace73e7ca2,1371816950,44.495498,-97.728453,0
8,2020-06-21 12:16:10,3596357274378601,"fraud_Goyette, Howell and Collier",shopping_pos,4.37,David,Everett,M,4138 David Fall,Morrisdale,PA,16858,41.0001,-78.2357,3688,Advice worker,1973-05-27,71a1da150d1ce510193d7622e08e784e,1371816970,41.546067,-78.120238,0
9,2020-06-21 12:16:11,3546897637165774,fraud_Kilback Group,food_dining,66.54,Kayla,Obrien,F,7921 Robert Port Suite 343,Prairie Hill,TX,76678,31.6591,-96.8094,263,Barrister,1956-05-30,a7915132c7c4240996ba03a47f81e3bd,1371816971,31.782919,-96.366185,0
10,2020-06-21 12:16:20,2242542703101233,"fraud_Feil, Hilpert and Koss",food_dining,7.01,Samuel,Jenkins,M,43235 Mckenzie Views Apt. 837,Westport,KY,40077,38.4921,-85.4524,564,Pensions consultant,1996-04-10,3b8e4d02d9e1a3bf97cf449eb0317f2c,1371816980,38.977546000000004,-84.727994,0
11,2020-06-21 12:16:47,571465035400,fraud_Gottlieb Group,kids_pets,42.4,Louis,Fisher,M,45654 Hess Rest,Fort Washakie,WY,82514,43.0048,-108.8964,1645,Freight forwarder,1976-02-26,fa3071565d94fb286cb0ed398c6d61d3,1371817007,42.687774,-108.67005400000001,0
12,2020-06-21 12:17:21,6593250708747804,fraud_Connelly-Carter,home,2.91,Melissa,Meza,F,244 Abbott Parkway,Loxahatchee,FL,33470,26.7383,-80.27600000000001,26551,Paramedic,1977-01-04,a21cb82e7d8fdbf4062f15c9422a4ca6,1371817041,26.07846,-80.569932,0
13,2020-06-21 12:18:27,4988304376504,fraud_Bechtelar-Rippin,food_dining,7.93,William,Thompson,M,977 Rita Grove Apt. 000,Rock Tavern,NY,12575,41.4575,-74.1659,2258,Building surveyor,1937-03-17,d0d2b5cca5ae19e0a07dc7ef5d51e59e,1371817107,40.71168,-73.668384,0
14,2020-06-21 12:18:37,6011504998544485,fraud_Lubowitz-Walter,kids_pets,2.91,Ashley,Whitney,F,4038 Smith Avenue,Jones,AL,36749,32.5104,-86.8138,1089,Materials engineer,1971-11-02,61dca41a9728ea5fd6db99efd59768f8,1371817117,33.986391,-81.200714,0
15,2020-06-21 12:18:41,4570636521433188,"fraud_Welch, Rath and Koepp",entertainment,24.73,Christine,Leblanc,F,5097 Jodi Vista Suite 811,Deltona,FL,32725,28.8989,-81.2473,88735,Commercial horticulturist,1988-04-09,ea11379e8aa1b08d584149d65770faee,1371817121,29.83155,-80.926829,0
16,2020-06-21 12:18:54,4906628655840914250,fraud_Hickle Group,shopping_pos,2.33,Charles,Moreno,M,838 Franklin Prairie Apt. 902,Key West,FL,33040,24.6557,-81.3824,32891,Town planner,1987-02-13,00da72495351ce6bd9ecb75d51cca89b,1371817134,24.306325,-81.065169,0
17,2020-06-21 12:19:50,4908846471916297,"fraud_Lang, Towne and Schuppe",kids_pets,16.6,Lauren,Torres,F,03030 White Lakes,Grandview,TX,76050,32.2779,-97.2351,5875,"Radiographer, therapeutic",1992-07-24,67288141e8206f6f49706c1cef5b75d3,1371817190,33.182349,-97.91928399999999,0
18,2020-06-21 12:19:56,4861310130652566408,fraud_Morissette LLC,entertainment,80.11,Ashley,Cruz,F,65417 Walsh Radial Suite 691,Saint Amant,LA,70774,30.2385,-90.8435,10076,"Surveyor, rural practice",1977-12-16,71bb6ee81f9af4d2a38bf6af2b614708,1371817196,30.449990000000003,-89.930996,0
19,2020-06-21 12:20:13,6538441737335434,fraud_Prosacco LLC,personal_care,5.71,Gina,Grimes,F,444 Robert Mews,Clarks Mills,PA,16114,41.3851,-80.1752,606,Energy manager,1997-09-22,2d7640ea4f3bcd520a3c33200c393dd8,1371817213,40.508064000000005,-79.615158,0
20,2020-06-21 12:20:34,2283743876903625,fraud_Corwin-Romaguera,travel,8.53,Shannon,Williams,F,9345 Spencer Junctions Suite 183,Alpharetta,GA,30009,34.077,-84.3033,165556,Prison officer,1997-12-27,1650f4f052cc85af7bd417fa17d59ac5,1371817234,33.195225,-84.11908299999999,0
21,2020-06-21 12:20:42,4560004149983868183,fraud_Gottlieb Group,kids_pets,37.95,Stacy,Villegas,F,20581 Pena Walks,Colorado Springs,CO,80951,38.8881,-104.6556,525713,Museum/gallery exhibitions officer,1992-05-09,b14cd1ccf78a409c664bf071872a4384,1371817242,39.844711,-103.97563199999999,0
22,2020-06-21 12:20:57,4562827002127,fraud_Tillman LLC,travel,1.74,Christopher,Johnson,M,28711 Kristine Junction Suite 309,Greenville,OH,45331,40.0987,-84.6342,22930,Media planner,1971-11-26,d8edb8556aad03a15e2d5702948a47fb,1371817257,40.117115999999996,-84.175021,0
23,2020-06-21 12:21:46,213153151785052,fraud_Veum-Koelpin,travel,6.02,Rebecca,Conley,F,181 Moreno Light Apt. 215,Tomahawk,WI,54487,45.4963,-89.7273,9594,Seismic interpreter,1997-11-23,79f931ffc97dfe9966cd7d09613fe308,1371817306,45.47444,-89.539774,0
24,2020-06-21 12:21:47,372509258176510,"fraud_Watsica, Haag and Considine",shopping_pos,9.87,Kristen,Hanson,F,26544 Andrea Glen,Goodrich,MI,48438,42.9147,-83.4845,6951,Learning disability nurse,1985-06-18,df862b772cfb9ca0d621c259df11a652,1371817307,43.702833,-83.750248,0
25,2020-06-21 12:23:08,6011148190095209,fraud_Leannon-Ward,food_dining,47.06,Terri,Bailey,F,508 Erin Mount,Daly City,CA,94015,37.6787,-122.478,107941,"Buyer, industrial",1991-10-04,3dfec697170c9155ba76464e03179724,1371817388,38.048242,-123.12568,0
26,2020-06-21 12:23:09,6011917798331152,"fraud_Hintz, Bauch and Smith",health_fitness,1.7,William,Johnson,M,50843 Vincent Mission,South Londonderry,VT,5155,43.1699,-72.8515,828,Scientific laboratory technician,1957-08-30,6c58a441ceeb7dc623316c6a68158d29,1371817389,42.390565,-71.932418,0
27,2020-06-21 12:23:53,3577663406369449,fraud_Labadie LLC,personal_care,2.17,Cody,Hooper,M,7233 John Parks,Lepanto,AR,72354,35.6069,-90.3359,2470,Counselling psychologist,1968-10-06,340ad023c64e8b7d2164ca3e53620186,1371817433,36.581540999999994,-89.68051700000001,0
28,2020-06-21 12:24:11,3502377050801561,"fraud_Eichmann, Hayes and Treutel",travel,6.21,Kathleen,Martin,F,659 Nicole Cove Suite 560,New Waverly,TX,77358,30.5354,-95.4532,4993,"Scientist, biomedical",1948-11-30,9662b7fede7772f80331fd0abbc7909d,1371817451,31.432354999999998,-95.537859,0
29,2020-06-21 12:24:16,180040027502291,fraud_Leffler-Goldner,personal_care,24.44,Mary,Schmidt,F,022 Moore Island,New York City,NY,10162,33.986391,-81.200714,1577385,Audiological scientist,1957-12-29,efbea5fb8c846843c13f224379ba249e,1371817456,40.951475,-74.065226,0
30,2020-06-21 12:25:09,379897244598068,fraud_Kautzer and Sons,personal_care,176.23,Frank,Key,M,5537 Jessica Plaza,Pewee Valley,KY,40056,38.3039,-85.4834,3263,Stage manager,1930-02-28,3f5587dd43e45910ba221bc3a4dfdd3f,1371817509,38.585316,-86.10818499999999,0
31,2020-06-21 12:26:10,180048185037117,fraud_Ernser-Feest,home,134.39,Mary,Wall,F,2481 Mills Lock,Plainfield,NJ,7060,40.6152,-74.415,71485,Leisure centre manager,1974-07-19,bc7699cb759a26aa5dd58d4124febf8d,1371817570,40.196876,-74.407686,0
32,2020-06-21 12:26:13,4302475216404898,"fraud_Zemlak, Tillman and Cremin",personal_care,19.03,Daniel,Cain,M,384 Newman Forks Apt. 370,Belmond,IA,50421,42.8511,-93.62,3032,Community pharmacist,1964-08-08,cd10a7d08e9262899109c06a8e180302,1371817573,42.322809,-94.36365500000001,0
33,2020-06-21 12:26:23,180036456789979,fraud_Nienow PLC,entertainment,210.36,Mackenzie,Salazar,F,982 Melissa Lock,Bagley,WI,53801,42.9207,-91.0685,878,Risk analyst,1974-11-20,902facfd912019350d63a3539990638e,1371817583,42.736666,-90.09971,0
34,2020-06-21 12:26:25,180065479077096,fraud_Lynch-Wisozk,home,52.81,Krystal,Gamble,F,47152 Clayton Burg,Manchester,MD,21102,39.6747,-76.8941,11751,Clinical research associate,1964-02-15,0ad27a9cf7fcb1e0774a86709cb248f1,1371817585,39.289186,-77.113659,0
35,2020-06-21 12:26:26,6517217825320610,"fraud_Feil, Hilpert and Koss",food_dining,82.32,James,Reese,M,26975 Richardson Mills Apt. 402,Sontag,MS,39665,31.6453,-90.1801,1196,"Librarian, academic",1958-06-11,5a13c85ba5d478ee2bed550c6ab71c1e,1371817586,31.422908000000003,-90.012124,0
36,2020-06-21 12:27:08,4683520018489354,fraud_Schiller Ltd,personal_care,26.31,Charles,Carrillo,M,17547 Stephen Turnpike Apt. 846,Hawthorne,CA,90250,33.9143,-118.3493,93193,"Editor, magazine features",1995-04-19,e91e10ae4ad160e1aee1054ea96de9ba,1371817628,33.949418,-117.610248,0
37,2020-06-21 12:27:22,501899453424,fraud_Hoppe-Parisian,kids_pets,134.6,Jessica,Dominguez,F,06393 Nancy Parkways Suite 855,Gadsden,AL,35903,33.9845,-85.9077,67082,Ceramics designer,1970-01-08,cc3733b9ecedc1a7b0053bd0647cdaaa,1371817642,34.727266,-86.883794,0
38,2020-06-21 12:27:40,6011348830550197,fraud_Hoppe-Parisian,kids_pets,36.72,Samuel,Johnston,M,16285 Jessica Lights,Birmingham,AL,35229,33.4629,-86.7904,493806,Musician,1980-07-12,60a92b482a0058d2769c1ab10c55cb25,1371817660,33.986391,-81.200714,0
39,2020-06-21 12:27:54,213195754007681,fraud_Brown-Greenholt,entertainment,105.78,Zachary,Allen,M,69252 Oconnor Alley Apt. 153,Ollie,IA,52576,41.2001,-92.1354,568,Commercial horticulturist,1969-07-24,fc72537e1af1f675c8713aa1a36f3c53,1371817674,41.214609,-92.226244,0
40,2020-06-21 12:28:06,2712209726293386,fraud_Reilly LLC,home,39.95,Jenna,Brooks,F,50872 Alex Plain Suite 088,Baton Rouge,LA,70808,33.986391,-81.200714,378909,"Designer, furniture",1977-02-22,fb32dada5c853d60e84278eaae707ee2,1371817686,30.382414,-90.92389399999999,0
41,2020-06-21 12:28:23,503874407318,"fraud_Moore, Williamson and Emmerich",home,47.81,Andrew,Mcgee,M,4130 Tiffany Glen Apt. 562,San Antonio,TX,78248,29.5894,-98.5201,1595797,Exhibition designer,1975-12-28,4ffb7174155b877c4d18d1d86e71e813,1371817703,30.50995,-99.374201,0
42,2020-06-21 12:28:39,676369110710,fraud_Rau-Robel,kids_pets,18.96,David,Wolfe,M,81261 Garcia Underpass Suite 741,Southfield,MI,48034,42.4969,-83.2911,75830,"Engineer, automotive",1974-12-28,14dd61cec0b9be2d29aff70f605964ab,1371817719,42.186473,-84.041557,0
43,2020-06-21 12:29:25,4783226709001,"fraud_Fadel, Mertz and Rippin",entertainment,46.67,Jessica,Garcia,F,13108 Jennifer Passage,Mc Cracken,KS,67556,38.5957,-99.554,320,Film/video editor,1961-04-22,822cd909aeb6a351637b5f9ba9866f19,1371817765,39.456658000000004,-99.569786,0
44,2020-06-21 12:29:27,375848982312810,fraud_Crona and Sons,kids_pets,30.59,Dale,Smith,M,25036 Contreras Turnpike Suite 270,Purmela,TX,76566,31.4841,-97.9903,258,Web designer,1943-12-15,5f947d9974aca9e08265898e26db1583,1371817767,32.053228000000004,-97.160999,0
45,2020-06-21 12:29:30,30270432095985,"fraud_Bahringer, Bergnaum and Quitzon",home,3.94,Lisa,Lin,F,908 Brooks Brook,Lomax,IL,61454,40.6761,-91.0391,725,Environmental consultant,1972-11-28,4326b0d0ee56d328d40269e79a68ea30,1371817770,40.922923,-91.97721899999999,0
46,2020-06-21 12:29:33,6011149206456997,"fraud_Koss, Hansen and Lueilwitz",home,84.11,Jeffrey,White,M,8617 Holmes Terrace Suite 651,Tuscarora,MD,21790,39.2667,-77.5101,100,"Production assistant, television",1979-12-11,ce73a1c97d13e160112f3142781300ac,1371817773,39.535382,-77.064747,0
47,2020-06-21 12:29:36,4110266553600176127,"fraud_Yost, Schamberger and Windler",kids_pets,31.19,Sandra,Schwartz,F,3789 Mark Walks,Sunflower,MS,38778,33.5567,-90.5451,1686,"Education officer, community",1986-11-06,e7b73a4e22392a7800afdca8c230878f,1371817776,33.693106,-89.59474399999999,0
48,2020-06-21 12:29:46,675990301623,"fraud_Armstrong, Walter and Gottlieb",food_dining,4.91,Amanda,Spencer,F,6682 Green Forks,Ogdensburg,NJ,7439,41.0767,-74.5982,2456,Senior tax professional/tax inspector,1994-03-13,def4f0ac7d3e4f02f33462a25632ef6c,1371817786,41.061214,-73.99798100000001,0
49,2020-06-21 12:29:56,377026671291680,fraud_Friesen Ltd,health_fitness,5.36,Jackie,Davis,F,1898 Parker Fork Apt. 057,Redford,MO,63665,37.3272,-91.0243,241,Investment analyst,1974-10-27,0920f8e36028f404b48385209a995113,1371817796,38.211238,-90.421871,0
50,2020-06-21 12:30:19,6011934240159560,fraud_Champlin and Sons,home,80.5,Joshua,Cohen,M,426 Mark Ports,Brooklin,ME,4616,44.2541,-68.5565,824,"Loss adjuster, chartered",1974-11-02,c64caafcb8aaa4608fdba9f1ab53cbcc,1371817819,44.95902,-69.150254,0
51,2020-06-21 12:30:19,3519607465576254,fraud_Bins-Tillman,entertainment,49.57,Audrey,Gonzalez,F,34180 Lopez Plaza,Fields Landing,CA,95537,40.7268,-124.2174,276,"Scientist, audiological",1929-05-06,12ef39ddb0af3a6bea386509d9929a41,1371817819,40.535495000000004,-123.90051899999999,0
52,2020-06-21 12:30:28,571465035400,fraud_Douglas-White,entertainment,79.51,Louis,Fisher,M,45654 Hess Rest,Fort Washakie,WY,82514,43.0048,-108.8964,1645,Freight forwarder,1976-02-26,23e2084549f139d3fc1458aa6ebe2c6c,1371817828,43.143727,-109.338705,0
53,2020-06-21 12:30:39,6011652924285713,"fraud_Hermiston, Pacocha and Smith",health_fitness,34.17,Kathryn,Smith,F,19838 Tonya Prairie Apt. 947,Rocky Mount,MO,65072,38.2911,-92.7059,1847,Tax inspector,1988-10-26,eda795ae153f71732ca5390ae6b5814f,1371817839,38.420615999999995,-92.942305,0
54,2020-06-21 12:31:19,4116554952971686,"fraud_Denesik, Powlowski and Pouros",home,9.75,Bridget,Bowen,F,49120 Regina Island Apt. 170,Port Saint Lucie,FL,34953,27.2625,-80.3793,181438,Primary school teacher,1934-03-19,a2204915943d2fbb1f700042240502b0,1371817879,26.708918,-79.679105,0
55,2020-06-21 12:31:23,4855488158131690372,fraud_Nader-Maggio,personal_care,68.88,Jeremy,Roberson,M,25887 Martin Inlet,Graniteville,VT,5654,44.1554,-72.4847,970,Agricultural consultant,1993-09-29,a2dbde4624ee6e24bb9633ce9fcd1672,1371817883,43.760065000000004,-72.192128,0
56,2020-06-21 12:31:32,4599735407877245080,"fraud_O'Reilly, Mohr and Purdy",home,30.73,Mary,Myers,F,39787 Pamela Fall Suite 639,Tiptonville,TN,38079,36.3846,-89.4649,5577,Geochemist,1964-12-30,d23a9cc9f255e797022458fc9de3b2ce,1371817892,36.312953,-89.938402,0
57,2020-06-21 12:32:35,561942763351,fraud_O'Connell-Ullrich,home,63.27,Melissa,Brown,F,330 Montoya Ramp,Washington,DC,20036,38.9087,-77.0414,601723,Prison officer,1986-03-14,254585bc866b5c091b244515abba49da,1371817955,39.417666,-76.62781600000001,0
58,2020-06-21 12:32:36,2227671554547514,fraud_Bauch-Blanda,entertainment,121.46,Angie,Jones,F,6970 Blake Trail,Clearwater,FL,33760,27.9004,-82.7152,172247,"Geneticist, molecular",1979-10-22,1c819bcf6e07bd61322a1e61e8f0c70f,1371817956,27.482301,-83.200829,0
59,2020-06-21 12:32:39,2296006538441789,"fraud_Ruecker, Beer and Collier",shopping_net,9.23,Judy,Hogan,F,4970 Michelle Burgs,Brooklyn,NY,11217,40.6816,-73.9798,2504700,Medical sales representative,1999-09-01,6c2b797c1729405a26268c665c4e5c8d,1371817959,41.49385,-74.258146,0
60,2020-06-21 12:32:50,36722699017270,fraud_Berge-Hills,kids_pets,8.86,Jessica,Perez,F,8172 Robertson Parkways Suite 072,Superior,AZ,85173,33.2887,-111.0985,2872,Petroleum engineer,1987-10-28,bf6a53e1ba9d726edf1654d0899f533b,1371817970,32.390381,-111.56733200000001,0
61,2020-06-21 12:32:51,213156747557083,fraud_White and Sons,home,55.53,Adam,Santos,M,725 Jo Trace Apt. 102,Glendale,CA,91206,34.1556,-118.2322,172817,Advertising account planner,1982-07-30,c97a7d07cc73cb35af508befd2bc452b,1371817971,33.623691,-118.424568,0
62,2020-06-21 12:33:21,3567697931646329,fraud_Adams-Barrows,health_fitness,2.61,John,Stevens,M,428 Morgan River,Hudson,NY,12534,42.247,-73.7552,17867,Travel agency manager,1998-07-29,07013b6fac89440c1e8f15428f93b7f4,1371818001,41.502652000000005,-73.721972,0
63,2020-06-21 12:33:30,4988304376504,fraud_Crona and Sons,kids_pets,1.93,William,Thompson,M,977 Rita Grove Apt. 000,Rock Tavern,NY,12575,41.4575,-74.1659,2258,Building surveyor,1937-03-17,c86b29ee783636aaceb7687877924f9c,1371818010,40.857733,-73.447974,0
64,2020-06-21 12:33:31,213157767990030,fraud_Bauch-Blanda,entertainment,20.03,Tara,Campbell,F,05050 Rogers Well Apt. 439,Rock Springs,WY,82901,41.606,-109.23,27971,Music therapist,1984-08-01,da32ba67b0979adb0c65a60bdb01e64c,1371818011,41.899218,-108.42810700000001,0
65,2020-06-21 12:33:45,4509922033272157,fraud_Pouros-Haag,shopping_pos,7.93,Monica,West,F,22084 Smith Roads Suite 776,Hurley,SD,57036,43.2893,-97.1904,811,Neurosurgeon,1972-03-28,3aedf92246758786b01168d5dc5773b5,1371818025,43.795359000000005,-96.833415,0
66,2020-06-21 12:33:58,30044330818990,"fraud_Hahn, Bahringer and McLaughlin",personal_care,20.4,Allison,Ayala,F,87665 Karen Mill Apt. 586,Fort Myers,FL,33967,26.4722,-81.8122,224256,Paramedic,1985-08-29,07dba59572da1a0db2cc95a80b002af7,1371818038,26.674733000000003,-82.009233,0
67,2020-06-21 12:34:07,3502377050801561,fraud_Ziemann-Waters,health_fitness,181.87,Kathleen,Martin,F,659 Nicole Cove Suite 560,New Waverly,TX,77358,30.5354,-95.4532,4993,"Scientist, biomedical",1948-11-30,a6dd646fb7f598d3545ade098183cbbd,1371818047,31.152375,-95.272196,0
68,2020-06-21 12:34:35,4710826438164847414,"fraud_Wuckert, Wintheiser and Friesen",home,30.72,Juan,Henry,M,9795 Lori Island Suite 346,Turner,MT,59542,48.8328,-108.3961,192,Further education lecturer,1964-01-04,18aeb4f97adbab1170c6c1b60b82c228,1371818075,48.456992,-107.51806699999999,0
69,2020-06-21 12:35:55,4653879239169997,fraud_Bauch-Blanda,entertainment,129.58,Monica,Tucker,F,302 Christina Islands,Smiths Grove,KY,42171,37.0581,-86.1938,6841,"Therapist, sports",1999-06-06,8ec457ccddf3114213845f9d8ea1759c,1371818155,36.192355,-85.869963,0
70,2020-06-21 12:35:55,4956828990005111019,fraud_Bednar PLC,kids_pets,5.13,Kenneth,Robinson,M,269 Sanchez Rapids,Elizabeth,NJ,7208,40.6747,-74.2239,124967,Operational researcher,1980-12-21,049d3ba5ef543bdabfa44b6443f3d20e,1371818155,41.131668,-75.188408,0
71,2020-06-21 12:36:17,3590736522064285,fraud_Kihn Inc,shopping_pos,189.99,Kimberly,Gonzalez,F,72966 Shannon Pass Apt. 391,Bauxite,AR,72011,34.5091,-92.4828,4074,"Scientist, audiological",1975-12-20,bb3889edf0a90703cc3e281322e9aef1,1371818177,34.44252,-92.264081,0
72,2020-06-21 12:37:03,4755696071492,fraud_Fisher Inc,shopping_net,5.37,Robert,Evans,M,01892 Patricia Vista Apt. 828,Sachse,TX,75048,32.9643,-96.6012,20328,Site engineer,1985-06-20,b75478a228cd12239ac8ec796664c665,1371818223,32.071768,-96.748077,0
73,2020-06-21 12:37:59,3542162746848552,fraud_Leffler-Goldner,personal_care,6.04,Bradley,Anderson,M,3896 Gilmore Mill,Emmons,MN,56029,43.5089,-93.4824,744,Communications engineer,1968-01-28,73cca6d94d97e2bb1a0c69d5decea9eb,1371818279,44.388218,-93.400188,0
74,2020-06-21 12:38:04,30234966027947,"fraud_Schneider, Hayes and Nikolaus",food_dining,15.49,Matthew,Lambert,M,7188 Melissa Crest Apt. 151,New Holstein,WI,53061,43.9446,-88.0911,5196,Child psychotherapist,1978-01-22,17e947f7909a4423a22a41e9fe912281,1371818284,43.52303,-88.132231,0
75,2020-06-21 12:38:05,180042946491150,"fraud_Greenholt, O'Hara and Balistreri",shopping_net,4.94,Charles,Robles,M,3337 Lisa Divide,Saint Petersburg,FL,33710,27.7898,-82.7243,341043,"Engineer, land",1989-02-28,7402f469a73cf016d793d3111306017b,1371818285,28.669762,-82.456744,0
76,2020-06-21 12:38:22,4149238353975790,fraud_Gottlieb-Hansen,personal_care,74.52,Tanner,Carroll,M,494 Burke Ports,Cokeburg,PA,15324,40.1008,-80.0652,632,Dealer,1989-04-08,069013b8389f4433e2e47ce227ccacf1,1371818302,40.067362,-80.213927,0
77,2020-06-21 12:39:10,3583793405872580,"fraud_Douglas, Schneider and Turner",shopping_pos,4.4,Beth,Lambert,F,6447 Johnson Estates Apt. 986,Roosevelt,OK,73564,34.847,-98.9836,551,Amenity horticulturist,1970-09-27,67d795902f1bdaf4d042abfaa2e37496,1371818350,34.858369,-98.135879,0
78,2020-06-21 12:39:25,3575789281659026,"fraud_Gutmann, McLaughlin and Wiza",home,71.68,Lindsay,Wilson,F,7618 Gonzales Mission,Centerview,MO,64019,38.7897,-93.8702,2368,Electronics engineer,1989-07-17,8caf8fcd904f367427bb0f699b8f7453,1371818365,39.485253,-92.983354,0
79,2020-06-21 12:39:42,3553629419254918,fraud_Champlin and Sons,home,33.97,Sharon,Johnson,F,7202 Jeffrey Mills,Conway,WA,98238,48.34,-122.3456,85,"Research officer, political party",1984-09-01,c8eebe4d993fde9d6a7cfbec8494bb59,1371818382,49.031436,-122.86574399999999,0
80,2020-06-21 12:39:44,375248307838179,fraud_Weber and Sons,food_dining,20.87,Joshua,Mendoza,M,4215 Miranda Field Suite 326,Tallmansville,WV,26237,38.8564,-80.158,571,Accounting technician,1967-09-16,5a5a8db2cf7f2d86fa35114a841092b5,1371818384,38.416893,-79.24534,0
81,2020-06-21 12:39:45,4427805710168,fraud_Bednar PLC,kids_pets,19.41,Michelle,Rodriguez,F,1742 Brandon Squares Apt. 461,Ruidoso,NM,88355,33.3305,-105.6933,8874,Licensed conveyancer,2000-08-16,65aef2c6b0d2975569f05afdd8d23377,1371818385,33.775701,-106.03686,0
82,2020-06-21 12:39:49,371985236239474,fraud_Bartoletti and Sons,personal_care,21.57,Benjamin,Martin,M,0495 Baker Manors,Oriskany Falls,NY,13425,42.9576,-75.4838,1970,"Programmer, multimedia",1949-06-09,3c01079627483229758e02ea10811e72,1371818389,42.541989,-75.057743,0
83,2020-06-21 12:39:54,6011348830550197,fraud_Powlowski-Weimann,food_dining,19.06,Samuel,Johnston,M,16285 Jessica Lights,Birmingham,AL,35229,33.4629,-86.7904,493806,Musician,1980-07-12,e77fc08b8dcf79c20e724fea72946660,1371818394,33.936769,-86.762376,0
84,2020-06-21 12:39:56,676275912597,"fraud_Lakin, Ferry and Beatty",food_dining,60.07,Edward,Hensley,M,24318 Dixon Mills,Elk Rapids,MI,49629,44.8955,-85.4082,2223,Chief Financial Officer,1986-01-18,42d03a3e38f7c5aa63cb51a56266e771,1371818396,45.877553999999996,-85.362472,0
85,2020-06-21 12:40:32,4173950183554608,fraud_Brown-Greenholt,entertainment,15.8,Stephen,Marshall,M,47144 Roberts Keys,Monmouth Beach,NJ,7750,40.333,-73.9809,3279,Health promotion specialist,1978-10-05,a0d3f84d700dfb8165a63087f824d381,1371818432,41.186828000000006,-74.811464,0
86,2020-06-21 12:40:33,6011197122270059,"fraud_Terry, Johns and Bins",misc_pos,2.01,Vincent,Ward,M,06730 Joshua Isle Suite 555,North Brookfield,MA,1535,42.2665,-72.0821,4680,Field seismologist,1986-04-03,8a358086076dd14ded0409aa035d2e6f,1371818433,42.127625,-71.635136,0
87,2020-06-21 12:40:36,4223708906367574214,fraud_Thiel-Thiel,entertainment,75.24,Adam,Riddle,M,27718 Mason Bypass,Mount Saint Joseph,OH,45051,39.0965,-84.6431,177,Exhibition designer,1974-05-30,eb52e370f7ed2183cf36ab2f6424c5df,1371818436,39.417127,-84.959324,0
88,2020-06-21 12:40:45,675961917837,fraud_Kuhn Group,food_dining,56.3,Christopher,Cummings,M,478 George Course Apt. 056,Sprague,NE,68438,40.6267,-96.7456,142,Chiropodist,1967-08-24,e127320e58b70c069149e3973d0eb45a,1371818445,41.41602,-95.774493,0
89,2020-06-21 12:41:34,630425673344,"fraud_Schaefer, Fay and Hilll",entertainment,5.95,Bryan,Miller,M,411 Laurie Fords,Cass,WV,24927,38.388000000000005,-79.9906,365,Special effects artist,1970-03-14,5fd8939565a1580d370082d81bbcb1f4,1371818494,38.665727000000004,-80.435349,0
90,2020-06-21 12:42:07,4708992452821239,"fraud_Roberts, Ryan and Smith",personal_care,19.73,Jared,Walters,M,3326 Hannah Fords,Cord,AR,72524,35.8184,-91.3375,376,"Designer, ceramics/pottery",1938-09-08,ca1bd51b5324c47c68bed7bbfdd80753,1371818527,34.871462,-91.496576,0
91,2020-06-21 12:42:11,30234966027947,fraud_Stiedemann Ltd,food_dining,128.33,Matthew,Lambert,M,7188 Melissa Crest Apt. 151,New Holstein,WI,53061,43.9446,-88.0911,5196,Child psychotherapist,1978-01-22,7f736b6cf6e36cdada7694aeca3daa24,1371818531,43.051363,-87.79994599999999,0
92,2020-06-21 12:42:29,377234009633447,fraud_Pacocha-Weissnat,kids_pets,136.16,Theresa,Blackwell,F,43576 Kristina Islands,Shenandoah Junction,WV,25442,39.3716,-77.8229,1925,Systems developer,1966-02-14,0da884d5079ef2919db75faeb328a191,1371818549,39.544819,-76.943965,0
93,2020-06-21 12:43:07,4294040533480516,fraud_Homenick LLC,personal_care,16.8,Gail,Weaver,F,979 Stewart Lake,New Ellenton,SC,29809,33.413000000000004,-81.69,2206,Biomedical scientist,1986-12-31,1023690403cb70fdd8df519f40fc9d54,1371818587,33.647548,-80.75383000000001,0
94,2020-06-21 12:43:09,180018375329178,fraud_Cartwright PLC,kids_pets,113.89,Michelle,Woods,F,952 Joseph Throughway,Munith,MI,49259,42.3703,-84.2485,2523,Geophysicist/field seismologist,1988-03-21,c51cdf622b069ea4e183428de3e94dce,1371818589,42.225874,-83.54012900000001,0
95,2020-06-21 12:43:14,6011438889172900,fraud_Pouros-Haag,shopping_pos,37.14,Allison,Allen,F,40624 Rebecca Spurs,De Witt,AR,72042,34.2853,-91.3336,5161,Electrical engineer,1993-04-08,80c507e5c3aba4a8602e46b842f128af,1371818594,35.026522,-90.44444200000001,0
96,2020-06-21 12:43:58,5501083170975659,fraud_Kihn-Fritsch,food_dining,16.06,Wayne,Payne,M,587 Bradley Inlet Suite 281,Cuyahoga Falls,OH,44223,41.1464,-81.5107,47772,Equities trader,1966-01-04,04207da612fce9f0093acb23a68c11e7,1371818638,40.312539,-81.654015,0
97,2020-06-21 12:44:12,6011104316292105,fraud_Lynch Ltd,shopping_pos,1.01,Valerie,Davis,F,3861 Anderson Ramp Apt. 536,Drakes Branch,VA,23937,36.9688,-78.5615,1970,Energy engineer,1985-09-02,b1376da15c587d540fe1fce58e3f7592,1371818652,37.901707,-79.52365,0
98,2020-06-21 12:44:29,374930071163758,fraud_Klein Group,entertainment,6.98,Daniel,Escobar,M,61390 Hayes Port,Romulus,MI,48174,42.2203,-83.3583,31515,Police officer,1971-11-05,ace32c67fb8d3d030fdddad4649c9dae,1371818669,42.964421,-83.670351,0
99,2020-06-21 12:45:23,4500002361389,fraud_Quitzon-Goyette,home,31.88,Joseph,Nixon,M,86882 Desiree Camp Suite 047,Tyaskin,MD,21865,38.2833,-75.8465,470,Music tutor,1965-04-07,b0dc912812fad96b08bef19985b47c97,1371818723,38.215956,-75.272334,0
100,2020-06-21 12:45:48,6592074504369261,fraud_Greenholt Ltd,health_fitness,242.35,Amanda,Molina,F,8425 Daniel Knolls Suite 288,Philadelphia,PA,19154,40.0897,-74.9781,1526206,Commercial horticulturist,1972-05-23,39db7261e2dd32311c1e5ff2a52bac79,1371818748,39.151823,-75.035003,0
101,2020-06-21 12:46:08,4400011257587661852,fraud_Bahringer Group,health_fitness,20.66,Marissa,Powell,F,474 Allen Haven,North Loup,NE,68859,41.4972,-98.7858,509,"Nurse, children's",1980-09-15,c824dd2d399b50aba31415d2985f97c0,1371818768,41.103974,-98.4845,0
102,2020-06-21 12:46:16,30570197515105,fraud_Hilpert-Conroy,kids_pets,127.76,Vincent,Cain,M,64851 Cole Turnpike,Hartford,AL,36344,31.086,-85.7192,5732,Jewellery designer,1945-12-07,8306d2588665088674d4c93ff87f1748,1371818776,31.361379,-85.084231,0
103,2020-06-21 12:46:23,6011652924285713,"fraud_Lakin, Ferry and Beatty",food_dining,4.24,Kathryn,Smith,F,19838 Tonya Prairie Apt. 947,Rocky Mount,MO,65072,38.2911,-92.7059,1847,Tax inspector,1988-10-26,7c1fc4677c2c3c98b2fa39e7417bb09c,1371818783,38.409909999999996,-92.002267,0
104,2020-06-21 12:46:44,4561546772499,"fraud_Witting, Beer and Ernser",home,28.51,Daniel,Briggs,M,7118 Jessica Unions Apt. 789,Moriarty,NM,87035,34.9889,-106.0609,7268,"Therapist, art",1988-08-04,a5d7194717ad3c916578a809950d2096,1371818804,35.342658,-106.334921,0
105,2020-06-21 12:46:50,4119762878330989,fraud_Breitenberg-Hermiston,kids_pets,29.39,Melinda,Gutierrez,F,1497 West Gateway,Eureka,IL,61530,40.7152,-89.2706,6713,Archivist,1945-08-19,4924a7f67664a95acbeaeb377d5e6a83,1371818810,41.415532,-89.517881,0
106,2020-06-21 12:46:54,4810839835482794272,fraud_Friesen Inc,shopping_pos,5.85,Carolyn,Perez,F,433 Blake Roads Suite 967,Wheaton,MO,64874,36.7651,-94.0492,760,Production manager,1985-08-31,b847bab5baeb184fccc801ad29558b87,1371818814,37.191244,-94.74641700000001,0
107,2020-06-21 12:47:21,4191109180926792,fraud_Gottlieb-Hansen,personal_care,12.64,Jennifer,Spencer,F,477 Wheeler Burg,Amanda,OH,43102,39.6251,-82.7552,4512,Farm manager,1992-10-03,36889cdd6d799ccda86cf3c6509010b1,1371818841,39.66641,-83.56224300000001,0
108,2020-06-21 12:47:35,676195318214,"fraud_Baumbach, Strosin and Nicolas",shopping_pos,9.63,Brandy,Quinn,F,9734 Beard Fields Suite 885,Altair,TX,77412,29.6047,-96.5249,106,"Editor, film/video",1983-07-24,079d03199dc2ffb7c43dd5eb385a73ce,1371818855,29.472265000000004,-96.14220999999999,0
109,2020-06-21 12:47:36,4128730454058057622,fraud_Rippin-VonRueden,health_fitness,18.02,Monique,Martin,F,68276 Matthew Springs,Ratcliff,TX,75858,31.3833,-95.0619,43,"Engineer, production",1949-10-04,fbc91c22ac16b4b77f1e19395fcbdf95,1371818856,30.950957,-94.10848100000001,0
110,2020-06-21 12:47:48,4681699462969,"fraud_Nienow, Ankunding and Collier",misc_pos,2.54,Joseph,Gonzalez,M,319 Wendy Fort Suite 179,Murfreesboro,TN,37132,35.8596,-86.421,158701,"Journalist, newspaper",1978-03-06,87e1122fde1f3bd876a983771001e1a0,1371818868,36.333062,-86.08699200000001,0
111,2020-06-21 12:47:57,3523843138706408,fraud_Schmidt and Sons,shopping_net,9.17,Grace,Williams,F,28812 Charles Mill Apt. 628,Plantersville,AL,36758,32.6176,-86.9475,1412,Drilling engineer,1970-11-20,cc4cbdd981c4168207c152552049c6c4,1371818877,32.678558,-87.272214,0
112,2020-06-21 12:48:14,4587657402165341815,"fraud_Prosacco, Kreiger and Kovacek",home,26.03,Amber,Lewis,F,6296 John Keys Suite 858,Pembroke Township,IL,60958,41.0646,-87.5917,2135,"Psychotherapist, child",2004-05-08,bfcb7bca0abb957f3bb3aedf0c53a448,1371818894,42.013548,-88.03902099999999,0
113,2020-06-21 12:48:15,6011860238257910,fraud_Schumm PLC,health_fitness,46.81,Lisa,Mendez,F,44259 Beth Station Suite 215,Lahoma,OK,73754,36.385,-98.0727,1078,"Programme researcher, broadcasting/film/video",1952-07-06,d9b78593363eb13e3c9df801ac3eb3cf,1371818895,37.019405,-97.388758,0
114,2020-06-21 12:48:23,3576431665303017,fraud_Berge-Ullrich,home,61.44,Jessica,Ward,F,72269 Elizabeth Field Apt. 132,Phoenix,AZ,85020,33.5623,-112.0559,1312922,Contractor,1981-10-24,8ff1723f3c170304d75667e0b38340a9,1371818903,33.914314000000005,-111.57658400000001,0
115,2020-06-21 12:48:57,30199621383748,"fraud_Roob, Conn and Tremblay",shopping_pos,68.51,Theresa,Powell,F,117 Natasha Vista Suite 936,Leonard,TX,75452,33.4044,-96.2238,4090,Sub,1977-03-23,bd5f6bdf511756c4bcd0899b4e7ae167,1371818937,32.852509000000005,-95.443675,0
116,2020-06-21 12:49:01,3540017235499519,fraud_Kihn-Schuster,food_dining,57.53,Lawrence,Frost,M,82448 Tucker Cliff,Kittery Point,ME,3905,43.0976,-70.7121,1780,Broadcast engineer,1983-01-21,5604d2f56dafb70fb50d04097fa5ba43,1371818941,42.526152,-70.524338,0
117,2020-06-21 12:49:42,213161869125933,fraud_Tillman LLC,travel,2.3,Monica,Lane,F,3270 Scott Islands,East Andover,ME,4226,44.6084,-70.6993,190,Animal nutritionist,1970-04-17,4fa5b0675da2c2de8056876f621c0f69,1371818982,43.707840000000004,-71.15595,0
118,2020-06-21 12:50:38,36913587729122,fraud_Monahan-Morar,personal_care,28.74,Ana,Mccormick,F,4503 Patricia Route,Meridian,ID,83646,43.6498,-116.4306,84106,Intelligence analyst,1971-02-11,deacd215ee877a514656c57be9a2b48d,1371819038,43.84533,-116.859776,0
119,2020-06-21 12:51:26,2720433095629877,fraud_Powlowski-Weimann,food_dining,1.92,Mark,Wood,M,854 Walker Dale Suite 488,Bowdoin,ME,4287,44.0575,-69.9656,3224,"Engineer, electronics",1997-08-22,91a54264afc003d048c777e4ad5b1afc,1371819086,44.191357,-70.73018499999999,0
120,2020-06-21 12:51:34,4584931703207308232,fraud_Botsford Ltd,shopping_pos,3.37,Amanda,Gomez,F,8152 Brittany Centers,Dallas,TX,75218,32.8463,-96.6972,1263321,"Designer, ceramics/pottery",1975-04-16,669f6c81e6fe6f99a4bb6c5f2802c1ca,1371819094,32.422918,-96.070476,0
121,2020-06-21 12:51:45,4536996888716062123,fraud_Hamill-D'Amore,health_fitness,22.42,Nathan,Mendoza,M,767 Adam Mill Apt. 115,Espanola,NM,87533,35.9866,-106.0654,18408,Historic buildings inspector/conservation officer,1972-07-18,5cc15d56b7341ea11cc952e4f6289a2b,1371819105,36.955738000000004,-105.798176,0
122,2020-06-21 12:52:46,3518234918950662,"fraud_Bradtke, Torp and Bahringer",personal_care,12.33,Barbara,Lowe,F,67210 Lori Creek,Sherman,TX,75092,33.6372,-96.6184,46563,Systems developer,1970-09-11,e1d67d1bdbfad574800947945fa80f13,1371819166,34.17475,-96.873112,0
123,2020-06-21 12:53:48,3546674063249004,fraud_Corwin-Romaguera,travel,6.85,Jordan,May,M,1626 Susan Course,Aledo,TX,76008,32.7004,-97.6039,13602,Optometrist,1984-07-05,cabf90039e8dad0f7b6627b4f9923008,1371819228,33.268392999999996,-98.42305,0
124,2020-06-21 12:53:58,3533177016567295,fraud_Gaylord-Powlowski,home,80.8,Derek,Bentley,M,782 Lee Crossing Apt. 209,Weeping Water,NE,68463,40.8731,-96.1528,1517,Dealer,1951-11-08,f6eed8faf9b934c56a52baa4e8cbf7d2,1371819238,41.056503,-96.593249,0
125,2020-06-21 12:54:15,4900628639996,fraud_Mayert Group,shopping_pos,5.61,Michael,Johnson,M,094 Owens Underpass,Norwalk,CA,90650,33.9056,-118.0818,105549,Firefighter,1973-09-22,a7a9c929d59b6e142e703b4b60fc9d75,1371819255,34.154574,-117.85324299999999,0
126,2020-06-21 12:54:28,38947654498698,"fraud_Baumbach, Strosin and Nicolas",shopping_pos,7.47,Lori,Rodriguez,F,12087 Michael Light,Creola,OH,45622,39.3543,-82.50299999999999,321,"Copywriter, advertising",1979-06-24,2354372523a6373def295b4b921aa943,1371819268,39.087656,-82.268046,0
127,2020-06-21 12:54:44,3547560454237873,fraud_Beier and Sons,home,43.47,Jerry,Robinson,M,212 Mary Stream,Arcadia,MI,49613,44.5232,-86.2061,680,"Designer, jewellery",1966-12-21,01e26ef1319fe44bff28751b8e7b0d27,1371819284,43.621152,-85.44793100000001,0
128,2020-06-21 12:54:52,378278619832195,fraud_Abbott-Steuber,personal_care,8.32,Mary,Mcintyre,F,77921 Costa Villages,Eugene,OR,97403,44.0385,-123.0614,191096,"Scientist, physiological",1964-04-06,5608b93eb3a58c087fc11a809718d9e1,1371819292,43.046296000000005,-122.689361,0
129,2020-06-21 12:54:55,3513618443244549,fraud_Sporer-Keebler,personal_care,37.0,Amber,Perez,F,954 Reyes Ways,Fulton,SD,57340,43.7588,-97.8712,355,Financial adviser,1955-06-26,0adbb8f5d6b042f32f2391d8d349cd66,1371819295,44.398989,-97.772526,0
130,2020-06-21 12:55:10,2296006538441789,fraud_Ernser-Lynch,food_dining,9.76,Judy,Hogan,F,4970 Michelle Burgs,Brooklyn,NY,11217,40.6816,-73.9798,2504700,Medical sales representative,1999-09-01,07972757acdafdc949dd42ce5c6cf07d,1371819310,41.402386,-73.167331,0
131,2020-06-21 12:55:14,630484879808,fraud_Reilly LLC,home,75.99,Ian,Patton,M,8088 Sherman Radial Suite 689,Helm,CA,93627,36.4992,-120.0936,123,Early years teacher,1973-02-07,8d3e8fd863637cec9c1a3c517d2096ad,1371819314,35.884509,-120.34964099999999,0
132,2020-06-21 12:55:19,376445266762684,fraud_Little Ltd,kids_pets,26.54,Rachel,Lowe,F,372 Jeffrey Course,Sutherland,NE,69165,41.1558,-101.13600000000001,1789,Insurance broker,1982-02-11,01de2fecd50d677ce0a9ce87b760bd49,1371819319,41.1231,-101.207306,0
133,2020-06-21 12:55:19,4683638447911,fraud_Gislason Group,travel,558.03,Daniel,Boyd,M,8925 Nicholas Points,Egan,LA,70531,30.250999999999998,-92.5002,1261,Broadcast presenter,1972-07-01,95427dcec71aa88ad39bf523084d1bca,1371819319,30.87087,-92.873036,0
134,2020-06-21 12:55:21,4503101193493052864,fraud_Stark-Koss,home,5.26,Katherine,Tucker,F,670 Le Meadows Suite 250,Lakeland,FL,33811,27.9865,-82.0139,237282,Clothing/textile technologist,1979-07-03,b28a70d840dae6c46bec7df6c8340cfd,1371819321,28.642801000000002,-82.701559,0
135,2020-06-21 12:56:06,4259996134423,"fraud_Crist, Jakubowski and Littel",home,46.33,Julie,Johnson,F,9331 Robert Passage Suite 327,Hudson,KS,67545,38.1485,-98.6408,215,Probation officer,1968-11-22,51cdc787845ce5aab65a7598e5127553,1371819366,38.908427,-99.275548,0
136,2020-06-21 12:57:44,630424987505,fraud_Kling-Ernser,entertainment,19.3,Jennifer,Black,F,2870 Bean Terrace Apt. 756,Thomas,WV,26292,39.1505,-79.503,836,Forensic psychologist,1981-08-29,3c16826f4605f06be65c218e14321e10,1371819464,39.097309,-79.398315,0
137,2020-06-21 12:57:52,348789608637806,fraud_Lubowitz-Walter,kids_pets,49.77,Megan,Murphy,F,53696 Laura Radial,Holstein,NE,68950,40.4542,-98.6538,331,Telecommunications researcher,1950-08-19,afdf2f92eb150d6b7bc274ee6ee1d378,1371819472,39.723853999999996,-98.16341,0
138,2020-06-21 12:57:56,3587960728692500,"fraud_Cronin, Kshlerin and Weber",health_fitness,109.54,Kathy,Hughes,F,02110 Lucas Freeway Suite 517,Battle Creek,IA,51006,42.3327,-95.6045,1075,"Teacher, early years/pre",1997-01-02,97a5689374259165c553e66d3a81d1f8,1371819476,42.079377,-96.45903299999999,0
139,2020-06-21 12:58:07,6538441737335434,fraud_Upton PLC,entertainment,48.05,Gina,Grimes,F,444 Robert Mews,Clarks Mills,PA,16114,41.3851,-80.1752,606,Energy manager,1997-09-22,abc1f238e28693cfe3728856b2aba429,1371819487,41.928490999999994,-80.00496600000001,0
140,2020-06-21 12:58:42,4260128500325,fraud_Kilback Group,food_dining,7.25,Whitney,Gallagher,F,0374 Courtney Islands Apt. 400,Deane,KY,41812,37.2409,-82.7696,230,"Conservation officer, historic buildings",1997-08-04,ab7249121f58e23cdfe7073c3e44e751,1371819522,36.578865,-83.087049,0
141,2020-06-21 12:58:49,4189814094741,fraud_Carroll PLC,health_fitness,145.44,Jason,Farmer,M,33165 Larry Walks Suite 960,Ragland,AL,35131,33.7367,-86.1619,4159,Educational psychologist,1998-02-03,4261f223080c243558f1f5f0752e26f4,1371819529,33.315422,-85.538494,0
142,2020-06-21 12:59:36,371009169330125,fraud_Effertz LLC,entertainment,173.09,Randall,Burgess,M,393 Carroll Route Suite 197,Norman Park,GA,31771,31.2462,-83.6549,5666,Rural practice surveyor,2003-09-14,e558e093053328aba4af71a4b98a9a4e,1371819576,32.024134000000004,-84.370346,0
143,2020-06-21 12:59:43,2227671554547514,fraud_Windler LLC,kids_pets,42.21,Angie,Jones,F,6970 Blake Trail,Clearwater,FL,33760,27.9004,-82.7152,172247,"Geneticist, molecular",1979-10-22,622c606c3699ae063f4ecc8396c1ca23,1371819583,28.51525,-81.9264,0
144,2020-06-21 13:00:07,5456776410929288,fraud_Satterfield-Lowe,travel,4.13,Taylor,Khan,F,658 Diane Glen Apt. 677,North Washington,PA,16048,41.0472,-79.8089,139,Patent attorney,1954-05-25,bf22bf7594e4fde6d8505583a3aa513a,1371819607,42.039551,-80.43666999999999,0
145,2020-06-21 13:00:47,3556613125071656,fraud_Schuppe-Schuppe,food_dining,8.57,Jose,Vasquez,M,572 Davis Mountains,Lake Jackson,TX,77566,29.0393,-95.4401,28739,Futures trader,1999-12-27,9c157efc6d10cbbe6466a1e22ab1be1c,1371819647,28.984465000000004,-95.20166800000001,0
146,2020-06-21 13:01:05,4653879239169997,fraud_Hickle Group,shopping_pos,2.6,Monica,Tucker,F,302 Christina Islands,Smiths Grove,KY,42171,37.0581,-86.1938,6841,"Therapist, sports",1999-06-06,08e1c67ce4d29fce88699c006b5e1326,1371819665,37.768096,-85.96479000000001,0
147,2020-06-21 13:01:16,4653879239169997,fraud_Nader-Heller,misc_net,7.01,Monica,Tucker,F,302 Christina Islands,Smiths Grove,KY,42171,37.0581,-86.1938,6841,"Therapist, sports",1999-06-06,d538564d5f10e27d085d28a729d2d712,1371819676,37.330453000000006,-86.371893,0
148,2020-06-21 13:01:29,6593250708747804,fraud_Auer-West,shopping_net,32.82,Melissa,Meza,F,244 Abbott Parkway,Loxahatchee,FL,33470,26.7383,-80.27600000000001,26551,Paramedic,1977-01-04,29e429a9aa6b648608808cf528acce73,1371819689,27.229740000000003,-79.85481899999999,0
149,2020-06-21 13:01:36,4990494243023,"fraud_Lesch, D'Amore and Brown",food_dining,6.96,Martin,Ford,M,56812 Francis Courts,Corriganville,MD,21524,39.6967,-78.8031,626,Energy engineer,1960-12-13,4e356cf545db05d550a7fd6938b9e23d,1371819696,39.373197,-78.936159,0
150,2020-06-21 13:01:57,3518669219150142,fraud_Barrows PLC,shopping_pos,1.8,Dorothy,Thomas,F,537 Rice Square Suite 040,Milford,OH,45150,39.1657,-84.23299999999999,31394,Hospital doctor,1996-11-12,6423f3a9873d7b30151eeada5f6017b8,1371819717,39.718638,-83.50840600000001,0
151,2020-06-21 13:01:59,4710826438164847414,"fraud_O'Connell, Botsford and Hand",home,63.92,Juan,Henry,M,9795 Lori Island Suite 346,Turner,MT,59542,48.8328,-108.3961,192,Further education lecturer,1964-01-04,8f5909f09ba243baf2e2a7fe35b04d62,1371819719,48.593996000000004,-109.34163999999998,0
152,2020-06-21 13:02:34,639023984367,fraud_Kihn Inc,shopping_pos,3.93,Destiny,Lowe,F,79472 Stevens Trace Apt. 120,Hannawa Falls,NY,13647,44.6087,-74.9732,69,Chief Executive Officer,1991-06-05,040b4662b0dd06a0e5f7eb81d0959721,1371819754,44.838244,-73.999716,0
153,2020-06-21 13:03:11,3517814635263522,fraud_Bode-Schuster,kids_pets,49.07,William,Cannon,M,43809 Kenneth Circles Suite 152,Union,WV,24983,37.5802,-80.5248,2443,Chartered public finance accountant,1941-10-16,1b3c6309a57bf4c278909a3e443a69be,1371819791,37.234253,-80.919841,0
154,2020-06-21 13:04:11,3567527758368741,fraud_O'Keefe-Wisoky,food_dining,9.44,Amanda,Vance,F,14601 Downs Skyway Apt. 440,Sterling City,TX,76951,31.8351,-101.0017,1143,"Scientist, biomedical",1962-03-19,4fd98a1d5c20d491f465396a2fa7b7cf,1371819851,31.580890000000004,-100.124515,0
155,2020-06-21 13:05:19,5580563567307107,fraud_Thiel-Thiel,entertainment,67.9,Stanley,Dickson,M,078 Alex Fields,Smock,PA,15480,39.9961,-79.7678,1946,Charity fundraiser,1990-06-21,dae3acfdc809114694a329092fa7a4ab,1371819919,39.405308000000005,-80.276368,0
156,2020-06-21 13:05:20,4302480582202074,fraud_Conroy-Emard,food_dining,2.89,David,Rodriguez,M,821 Solis Points,Muskegon,MI,49440,43.2326,-86.2492,128715,Historic buildings inspector/conservation officer,1995-05-25,696499e736d236354eb923e84bee46d0,1371819920,42.771404,-86.007649,0
157,2020-06-21 13:05:42,60416207185,fraud_Kutch-Ferry,home,124.66,Mary,Diaz,F,9886 Anita Drive,Fort Washakie,WY,82514,43.0048,-108.8964,1645,Information systems manager,1986-02-17,f21e1a09f59c50a66735409308285b1d,1371819942,42.945526,-108.530901,0
158,2020-06-21 13:05:55,4044436772018844508,fraud_Donnelly LLC,entertainment,147.98,Amy,Abbott,F,01505 Amy Stravenue,Dayton,OH,45415,39.8355,-84.2613,479994,Environmental manager,1970-11-09,f98bb52a6572081f4f36c75e1e17419a,1371819955,39.990538,-83.772467,0
159,2020-06-21 13:06:10,3577663406369449,"fraud_Swaniawski, Nitzsche and Welch",health_fitness,12.32,Cody,Hooper,M,7233 John Parks,Lepanto,AR,72354,35.6069,-90.3359,2470,Counselling psychologist,1968-10-06,e425481e14107e857910b3112ffd09c2,1371819970,36.366507,-89.559427,0
160,2020-06-21 13:06:31,4119762878330989,fraud_Weimann-Lockman,kids_pets,96.19,Melinda,Gutierrez,F,1497 West Gateway,Eureka,IL,61530,33.986391,-81.200714,6713,Archivist,1945-08-19,e5b8b489e92f287af65bda03af02f030,1371819991,41.264839,-89.537983,0
161,2020-06-21 13:07:39,180094419304907,fraud_Runte-Mohr,food_dining,74.93,Sharon,Smith,F,17666 David Valleys,Sun City,CA,92585,33.7467,-117.1721,54287,"Designer, exhibition/display",1972-09-22,32d09af0255fb72c82da7191246d8205,1371820059,32.811948,-117.59798300000001,0
162,2020-06-21 13:07:39,4906628655840914250,"fraud_Dare, Fritsch and Zboncak",health_fitness,133.84,Charles,Moreno,M,838 Franklin Prairie Apt. 902,Key West,FL,33040,24.6557,-81.3824,32891,Town planner,1987-02-13,3d9306d075b6b52268ba7c890be3b74a,1371820059,24.630585,-80.80667700000001,0
163,2020-06-21 13:07:45,4671727014157745,"fraud_Kihn, Brakus and Goyette",personal_care,68.79,Kenneth,Edwards,M,3653 Ryan Crossroad,Andrews,IN,46702,40.8618,-85.6067,2304,Retail banker,1955-07-25,afaa281ba58cf4c3a58b440d6106fb46,1371820065,40.754358,-84.74906999999999,0
164,2020-06-21 13:07:55,6011104316292105,fraud_Medhurst PLC,shopping_net,118.21,Valerie,Davis,F,3861 Anderson Ramp Apt. 536,Drakes Branch,VA,23937,36.9688,-78.5615,1970,Energy engineer,1985-09-02,0a4e8eb858470184696ba2026a105361,1371820075,36.46674,-78.785534,0
165,2020-06-21 13:08:25,3582402971899057,fraud_Waelchi Inc,kids_pets,64.36,Michele,Patrick,F,557 Lynn Garden Suite 907,Spirit Lake,ID,83869,47.9657,-116.868,4161,Production manager,1957-06-12,c847bb58c601f2f452b25635b706131b,1371820105,47.57809,-117.29321100000001,0
166,2020-06-21 13:08:41,4099707841315751,fraud_Quitzon-Goyette,home,16.02,James,Stephens,M,1166 Castillo Mountains,Ruckersville,VA,22968,38.2586,-78.4074,9815,"Designer, ceramics/pottery",1975-07-07,95b28c98c518e783969e6faeef2817d2,1371820121,38.897742,-79.36616500000001,0
167,2020-06-21 13:08:46,6011109736646996,fraud_Schumm PLC,shopping_net,1199.45,Rebecca,Erickson,F,594 Berry Lights Apt. 392,Wilmington,NC,28405,34.2651,-77.867,186140,English as a second language teacher,1983-02-08,249ecb7b44d6d42a8eb155833fe23c53,1371820126,34.622777,-77.827863,0
168,2020-06-21 13:08:55,4482427013979020,fraud_O'Keefe-Wisoky,food_dining,7.44,Leslie,Ford,F,4938 Hatfield Course,Henderson,WV,25106,38.8265,-82.1364,642,Building services engineer,1946-08-30,6a6950d57d0392520d9c6cef99cb5139,1371820135,39.656974,-81.869361,0
169,2020-06-21 13:09:16,30518196150127,fraud_Dickinson Ltd,personal_care,30.09,Karen,Sullivan,F,6313 Scott Trace,Rossville,IL,60963,40.3625,-87.6692,1807,"Buyer, retail",1975-06-02,5b1d22a101d05ab7604228edb383afbb,1371820156,40.875589,-87.326088,0
170,2020-06-21 13:09:39,6538441737335434,"fraud_Little, Gutmann and Lynch",shopping_net,28.94,Gina,Grimes,F,444 Robert Mews,Clarks Mills,PA,16114,41.3851,-80.1752,606,Energy manager,1997-09-22,88c4b3f91b1381005e54ecf64d47074c,1371820179,41.990632,-79.263948,0
171,2020-06-21 13:10:11,4736845434667908128,fraud_Schaefer Ltd,kids_pets,185.27,Toni,Gomez,F,062 Carl Dam,Altona,NY,12910,44.8816,-73.6408,2148,"Surveyor, land/geomatics",1953-05-23,2567ddb79772901c49f33ce71c1725cc,1371820211,44.94133,-72.77639599999999,0
172,2020-06-21 13:10:12,2296006538441789,fraud_Ankunding LLC,shopping_net,4.74,Judy,Hogan,F,4970 Michelle Burgs,Brooklyn,NY,11217,40.6816,-73.9798,2504700,Medical sales representative,1999-09-01,e1766317e6eb58ae76cdc01a47c63584,1371820212,41.054446999999996,-73.39703399999999,0
173,2020-06-21 13:10:51,4861310130652566408,fraud_Schoen-Quigley,kids_pets,85.39,Ashley,Cruz,F,65417 Walsh Radial Suite 691,Saint Amant,LA,70774,30.2385,-90.8435,10076,"Surveyor, rural practice",1977-12-16,a8480e70abddf42a38235d99bead2e94,1371820251,30.294573,-91.095702,0
174,2020-06-21 13:11:58,2358122155477959,fraud_Leffler-Goldner,personal_care,8.04,Mike,Tran,M,17355 Mendoza Bypass Suite 059,Linthicum Heights,MD,21090,39.2092,-76.6681,9784,"Conservator, furniture",1924-10-30,80238f7c0f608c0acdbae0606c1d50c4,1371820318,38.822123,-76.630036,0
175,2020-06-21 13:12:03,2285066385084291,fraud_Towne LLC,misc_pos,3.27,Richard,Brown,M,17819 Jose Mount Suite 657,Heidelberg,MS,39439,31.881999999999998,-88.9981,4573,"Exhibitions officer, museum/gallery",1988-02-15,3e07083b31a9f4ec8572c8bdf404aa45,1371820323,30.913890999999996,-89.899434,0
176,2020-06-21 13:12:42,4810839835482794272,fraud_Schaefer Ltd,kids_pets,95.67,Carolyn,Perez,F,433 Blake Roads Suite 967,Wheaton,MO,64874,36.7651,-94.0492,760,Production manager,1985-08-31,b73444bf97ae00beee417c486c72037a,1371820362,37.587315999999994,-93.356223,0
177,2020-06-21 13:13:13,4294040533480516,"fraud_O'Connell, Botsford and Hand",home,69.86,Gail,Weaver,F,979 Stewart Lake,New Ellenton,SC,29809,33.413000000000004,-81.69,2206,Biomedical scientist,1986-12-31,9403d07997aa1f0bd127cb0fefc9d246,1371820393,34.071619,-81.220208,0
178,2020-06-21 13:14:37,370348764075623,fraud_Schoen-Quigley,kids_pets,38.88,Christopher,Gomez,M,950 Dunn Squares,Tickfaw,LA,70466,30.5668,-90.48200000000001,8512,"Accountant, chartered public finance",1951-09-03,994d71674f1338f94f9d6e45c2d22993,1371820477,29.903396,-90.938375,0
179,2020-06-21 13:15:08,2296006538441789,"fraud_Hills, Hegmann and Schaefer",health_fitness,30.13,Judy,Hogan,F,4970 Michelle Burgs,Brooklyn,NY,11217,40.6816,-73.9798,2504700,Medical sales representative,1999-09-01,8ff2dc53da0c292fc7effce265fa2019,1371820508,39.757225,-74.168759,0
180,2020-06-21 13:15:33,4301028321766222513,"fraud_Durgan, Gislason and Spencer",home,72.11,Joe,Howard,M,109 Brian Lights Apt. 504,Shippingport,PA,15077,40.6025,-80.3863,198,Secretary/administrator,1978-10-26,cf8f797d5cecd6da34bd695e94f38d24,1371820533,40.748806,-80.020684,0
181,2020-06-21 13:15:40,4063094974360571498,"fraud_Hauck, Dietrich and Funk",kids_pets,70.54,Patricia,Mendoza,F,1683 Davidson Freeway,Mendon,UT,84325,41.71,-111.9817,2078,"Scientist, audiological",1963-06-13,f446cd7512da7d551e93c5039313f5c5,1371820540,42.491626000000004,-112.511975,0
182,2020-06-21 13:15:51,213157767990030,"fraud_Lubowitz, Terry and Stracke",personal_care,23.23,Tara,Campbell,F,05050 Rogers Well Apt. 439,Rock Springs,WY,82901,41.606,-109.23,27971,Music therapist,1984-08-01,c6fe3189d929456a779d341498fb177b,1371820551,42.096035,-109.17770900000001,0
183,2020-06-21 13:15:53,345060451158891,fraud_Erdman-Ebert,personal_care,51.05,Brian,Perez,M,78652 Scott Ports,Ashfield,MA,1330,42.5232,-72.811,1506,"Production assistant, radio",1960-04-03,2ad013f65673cfecae9888a03ea01f34,1371820553,41.642272,-72.96136899999999,0
184,2020-06-21 13:15:58,6011893664860915,fraud_Kub PLC,personal_care,97.73,Erin,Chavez,F,3379 Williams Common,Littleton,CO,80120,39.5994,-105.0044,320420,Water engineer,1975-07-31,72acc3171b3d508b453db1b030a4697d,1371820558,40.399460999999995,-104.893892,0
185,2020-06-21 13:16:07,30118423745458,"fraud_Lehner, Reichert and Mills",misc_pos,2.13,Jared,Velazquez,M,01479 Murray Circle,Matawan,NJ,7747,40.4109,-74.238,30770,Drilling engineer,1993-04-29,30c448bc4d6f4cc7b506c863259aeae3,1371820567,41.326093,-74.999578,0
186,2020-06-21 13:16:41,4492491748959010,"fraud_Schiller, Blanda and Johnson",home,80.71,Jonathan,Byrd,M,5554 Mack Meadows,Premier,WV,24878,37.3752,-81.6539,337,Advice worker,1986-10-17,86891e13759b4ddf02d7236ea1ef305e,1371820601,38.082840000000004,-81.85136700000001,0
187,2020-06-21 13:16:50,377113842678100,fraud_Bins-Howell,personal_care,31.94,Billy,Gallagher,M,673 Delgado Burg,Greenwich,NJ,8323,39.4055,-75.3209,804,Insurance risk surveyor,1965-03-25,043c07bbb352d71d2c45565ea710e859,1371820610,39.746745000000004,-75.181483,0
188,2020-06-21 13:17:11,343472729187663,fraud_Kautzer and Sons,personal_care,4.5,Gloria,Wallace,F,234 Bridges Wells Apt. 389,Center Tuftonboro,NH,3816,43.6849,-71.2551,1368,"Optician, dispensing",1971-08-05,a04f0adf6fe71acac0fcc1b9d398bc25,1371820631,43.602776,-71.19363100000001,0
189,2020-06-21 13:17:31,3540210836308425,"fraud_Turcotte, Batz and Buckridge",health_fitness,74.12,Steven,Yoder,M,94975 David Mews Apt. 316,Summerfield,TX,79085,34.7437,-102.5064,53,Fisheries officer,1992-06-19,cffd08fc41f597eadfe47b42d50e2f13,1371820651,33.937535,-101.727485,0
190,2020-06-21 13:17:40,343746486082492,fraud_Will Ltd,food_dining,45.95,Jeffrey,Munoz,M,836 Stephanie Union,Cedar,MI,49621,44.8605,-85.8138,3096,"Social research officer, government",1975-10-11,94fb6a21fa403b383ff67b50b10b9ad6,1371820660,45.528331,-85.94878299999999,0
191,2020-06-21 13:18:43,30044330818990,fraud_Gibson-Deckow,entertainment,187.1,Allison,Ayala,F,87665 Karen Mill Apt. 586,Fort Myers,FL,33967,26.4722,-81.8122,224256,Paramedic,1985-08-29,c02d314735d9077b7d9c77ec21261cfa,1371820723,26.197333,-81.976019,0
192,2020-06-21 13:18:52,3575540972310993,fraud_Kihn Inc,shopping_pos,9.15,Rachel,Villarreal,F,250 Carrie Throughway,University,MS,38677,34.3396,-89.5736,4198,Curator,2001-06-22,925ac4268c05cdddde79f97574621117,1371820732,34.050515000000004,-89.005628,0
193,2020-06-21 13:19:19,30175986190993,fraud_Treutel-King,travel,1.29,Rebecca,Butler,F,0665 Lisa Alley,Winger,MN,56592,47.5375,-95.9941,516,Applications developer,1966-06-07,a9c7b779653f3016dc02688d40753e9c,1371820759,48.472896999999996,-96.572501,0
194,2020-06-21 13:19:48,180058696935600,fraud_Romaguera Ltd,health_fitness,77.33,Richard,Barnes,M,1339 Johnson Landing Suite 007,De Lancey,NY,13752,42.18899999999999,-74.9229,782,Chartered accountant,2000-08-28,6945efccedc4673f5e3ea97ae7494bfb,1371820788,41.79335,-74.149107,0
195,2020-06-21 13:19:51,4904681492230012,fraud_Kihn Inc,shopping_pos,5.53,Lisa,Lowe,F,574 David Locks Suite 207,Cottekill,NY,12419,41.8467,-74.1038,722,Comptroller,1990-10-19,3f3f4b3fd1cd14f870726cd741a0b819,1371820791,41.346225,-75.015359,0
196,2020-06-21 13:20:20,2264937662466770,fraud_Schmidt-Larkin,home,51.89,Juan,Sherman,M,5939 Garcia Forges Suite 297,San Antonio,TX,78214,29.3641,-98.4924,1595797,Land,1995-10-17,b2d30bc0ca473971ef0596ff8646dd0b,1371820820,29.444963,-98.571075,0
197,2020-06-21 13:20:22,180072527505094,"fraud_Windler, Goodwin and Kovacek",home,49.78,Cody,Miller,M,25748 John Wells,Mooresville,NC,28117,35.584,-80.8685,69793,Control and instrumentation engineer,1953-12-08,dbc1f8f279eb6d8a427226e47a3bbb48,1371820822,35.013372,-81.23403,0
198,2020-06-21 13:20:48,2286236465059468,fraud_Medhurst Inc,home,21.81,Morgan,Murray,F,2788 Brittney Island,Blairstown,MO,64726,38.5319,-93.9221,467,Agricultural consultant,1950-05-27,1dfb39918a5b8c7954335d2958c59db5,1371820848,38.876506,-94.46058599999999,0
199,2020-06-21 13:21:16,4220345354880,fraud_Breitenberg LLC,travel,8.54,Patrick,Torres,M,27386 Snyder Station,Oxford,MI,48371,42.8223,-83.2829,24840,Agricultural consultant,1960-01-20,3f21f4179b16adf504771d5ce3963db7,1371820876,42.299023999999996,-83.435877,0
200,2020-06-21 13:21:20,4119762878330989,fraud_Terry Ltd,home,174.77,Melinda,Gutierrez,F,1497 West Gateway,Eureka,IL,61530,40.7152,-89.2706,6713,Archivist,1945-08-19,3be6acc4b5e85330d7d2694a02651375,1371820880,39.829193,-88.918803,0
